Date,Open,High,Low,Close,Volume
2-Aug-12,30.46,30.83,30.25,30.58,2639980
1-Aug-12,31.05,31.17,30.64,30.69,2738740
31-Jul-12,30.99,31.27,30.84,30.88,2662853
30-Jul-12,31.89,31.95,30.92,31.01,4261193
27-Jul-12,31.26,32.00,31.17,31.90,3312890
26-Jul-12,30.85,31.41,30.49,30.94,3644222
25-Jul-12,30.06,30.52,29.98,30.33,3003612
24-Jul-12,30.67,30.75,29.81,30.02,2866346
23-Jul-12,30.81,30.82,30.23,30.64,2689717
20-Jul-12,31.93,32.05,31.35,31.38,4063476
19-Jul-12,31.51,32.11,31.41,31.88,3645657
18-Jul-12,30.65,31.57,30.55,31.43,3124336
17-Jul-12,30.71,30.71,29.98,30.65,3313913
16-Jul-12,30.65,30.65,30.24,30.40,1879587
13-Jul-12,30.18,30.78,30.06,30.65,2718954
12-Jul-12,30.11,30.31,29.52,30.14,4716788
11-Jul-12,30.51,30.51,29.97,30.20,2611675
10-Jul-12,30.70,30.88,30.21,30.44,4084634
9-Jul-12,31.29,31.53,30.40,30.43,5342899
6-Jul-12,32.20,32.48,31.22,31.37,5272691
5-Jul-12,32.22,32.68,32.19,32.53,2972908
3-Jul-12,32.01,32.51,32.01,32.51,2107779
2-Jul-12,31.86,32.25,31.86,32.19,3895762
29-Jun-12,31.74,32.37,31.68,32.37,4450989
28-Jun-12,31.26,31.37,30.75,31.17,2887784
27-Jun-12,31.28,31.55,31.10,31.41,1960213
26-Jun-12,30.90,31.20,30.71,31.07,2208517
25-Jun-12,31.26,31.36,30.80,30.84,2595363
22-Jun-12,31.40,31.74,31.19,31.56,7841669
21-Jun-12,31.82,31.94,31.13,31.23,7167084
20-Jun-12,30.68,32.49,30.38,31.99,18926332
19-Jun-12,32.84,33.19,32.67,32.89,6721221
18-Jun-12,32.27,32.68,32.08,32.63,4579476
15-Jun-12,31.75,32.42,31.44,32.39,5442520
14-Jun-12,31.35,31.84,31.13,31.67,6732612
13-Jun-12,31.65,32.09,31.54,31.79,4140986
12-Jun-12,31.34,31.78,31.20,31.77,3305687
11-Jun-12,31.90,31.95,31.09,31.13,3811369
8-Jun-12,31.25,31.69,31.20,31.65,3095812
7-Jun-12,32.06,32.12,31.24,31.32,4293092
6-Jun-12,30.91,31.72,30.67,31.69,3092778
5-Jun-12,30.19,30.74,30.19,30.70,2263736
4-Jun-12,29.88,30.62,29.88,30.31,3668012
1-Jun-12,30.37,30.62,29.81,29.82,4361935
31-May-12,31.34,31.38,30.76,31.05,4737704
30-May-12,31.83,31.83,31.13,31.29,3426302
29-May-12,31.88,32.26,31.61,32.05,3171103
25-May-12,31.64,31.90,31.50,31.60,2000287
24-May-12,32.17,32.17,31.36,31.54,4116420
23-May-12,31.70,32.21,31.46,32.18,4305720
22-May-12,31.97,32.25,31.63,32.01,3476674
21-May-12,31.45,32.07,30.94,32.01,3419928
18-May-12,32.10,32.10,31.29,31.31,4238146
17-May-12,32.38,32.62,32.01,32.01,4762610
16-May-12,32.44,32.74,32.19,32.36,4373715
15-May-12,32.23,32.85,32.13,32.33,2540230
14-May-12,31.81,32.52,31.67,32.23,3133372
11-May-12,31.90,32.46,31.70,32.20,3183432
10-May-12,32.73,32.82,31.64,31.92,4811450
9-May-12,32.29,32.72,31.82,32.52,4057257
8-May-12,32.29,32.75,31.88,32.67,3592038
7-May-12,32.48,32.90,32.33,32.52,3323002
4-May-12,32.99,33.21,32.50,32.61,2991745
3-May-12,33.77,33.94,33.24,33.32,2670230
2-May-12,33.63,33.88,33.27,33.76,1612232
1-May-12,33.59,34.09,33.47,33.77,2578672
30-Apr-12,33.46,33.62,33.40,33.55,2678859
27-Apr-12,33.38,33.79,33.21,33.58,3274639
26-Apr-12,32.99,33.32,32.92,33.26,2999448
25-Apr-12,32.64,33.27,32.46,33.13,3742041
24-Apr-12,32.66,32.83,32.23,32.40,4756941
23-Apr-12,32.84,32.84,32.32,32.62,3580696
20-Apr-12,32.92,33.74,32.69,33.06,3970510
19-Apr-12,33.20,33.70,32.69,32.90,3452876
18-Apr-12,33.58,33.63,33.25,33.39,2368983
17-Apr-12,33.13,33.98,32.93,33.84,4049866
16-Apr-12,33.22,33.37,32.69,32.84,3281238
13-Apr-12,33.40,33.61,33.16,33.18,2784683
12-Apr-12,33.02,33.65,32.87,33.55,3053934
11-Apr-12,32.97,33.10,32.63,33.00,3586477
10-Apr-12,33.15,33.43,32.53,32.61,5460173
9-Apr-12,33.02,33.36,32.77,33.22,3478226
5-Apr-12,33.17,33.62,33.14,33.59,3987645
4-Apr-12,33.98,34.03,33.36,33.46,4357774
3-Apr-12,34.52,34.61,33.99,34.31,2879428
2-Apr-12,34.14,34.78,33.80,34.70,4111186
30-Mar-12,34.69,34.69,34.24,34.31,5232447
29-Mar-12,34.32,34.55,34.16,34.48,2458970
28-Mar-12,34.52,34.75,34.28,34.46,4223094
27-Mar-12,34.33,34.70,34.28,34.63,4376061
26-Mar-12,33.99,34.42,33.93,34.40,4668379
23-Mar-12,33.71,33.84,33.50,33.82,3253192
22-Mar-12,33.31,33.80,33.22,33.71,5121667
21-Mar-12,33.10,33.83,33.10,33.56,5680558
20-Mar-12,33.38,33.94,32.88,33.16,16394904
19-Mar-12,34.08,34.55,33.56,34.51,6819227
16-Mar-12,34.06,34.15,33.66,33.82,5097067
15-Mar-12,33.86,34.20,33.63,34.17,3685793
14-Mar-12,34.24,34.24,33.66,33.77,3607966
13-Mar-12,33.79,34.22,33.42,34.22,3431523
12-Mar-12,33.50,33.85,33.27,33.56,2487992
9-Mar-12,33.19,33.65,33.08,33.64,2910606
8-Mar-12,32.68,33.15,32.67,33.05,3198628
7-Mar-12,32.13,32.56,31.96,32.41,3326388
6-Mar-12,32.80,33.10,31.90,31.99,7675197
5-Mar-12,33.56,33.61,33.04,33.22,3307708
2-Mar-12,33.00,33.82,32.91,33.73,4979510
1-Mar-12,32.86,33.29,32.77,33.10,2902572
29-Feb-12,33.21,33.44,32.86,32.89,4103047
28-Feb-12,33.36,33.44,32.98,33.27,4147901
27-Feb-12,33.18,33.50,33.09,33.27,3204314
24-Feb-12,32.91,33.50,32.86,33.41,3481120
23-Feb-12,32.21,33.01,32.10,32.97,3119177
22-Feb-12,32.45,32.89,32.24,32.33,3389633
21-Feb-12,32.74,33.06,32.47,32.54,3655353
17-Feb-12,32.96,33.05,32.75,32.75,3686306
16-Feb-12,32.45,32.91,32.45,32.86,3085652
15-Feb-12,32.49,32.65,32.35,32.46,3311407
14-Feb-12,32.20,32.44,32.06,32.44,4953166
13-Feb-12,32.42,32.65,32.00,32.35,3260751
10-Feb-12,32.28,32.46,32.05,32.21,2819786
9-Feb-12,32.09,32.69,32.09,32.65,4711932
8-Feb-12,32.20,32.39,31.93,32.10,3607644
7-Feb-12,31.74,32.40,31.70,32.28,3404184
6-Feb-12,31.61,32.35,31.52,31.86,4536270
3-Feb-12,31.70,32.17,31.60,31.85,4588169
2-Feb-12,31.24,31.68,31.21,31.28,3803890
1-Feb-12,31.20,31.50,31.09,31.24,4654319
31-Jan-12,31.18,31.25,30.85,30.95,3753578
30-Jan-12,30.69,31.12,30.55,31.00,5185002
27-Jan-12,30.47,31.21,30.31,31.05,4290987
26-Jan-12,31.15,31.77,31.00,31.18,4287745
25-Jan-12,30.59,31.40,30.51,31.34,5459799
24-Jan-12,30.17,31.00,30.08,30.95,4715772
23-Jan-12,30.33,30.78,29.98,30.23,5378123
20-Jan-12,30.28,30.55,30.18,30.50,4091197
19-Jan-12,29.91,30.28,29.88,30.24,4303087
18-Jan-12,29.27,29.89,29.22,29.89,4553641
17-Jan-12,29.17,29.48,28.99,29.35,2903464
13-Jan-12,29.11,29.18,28.45,28.97,2903842
12-Jan-12,29.43,29.47,28.83,29.23,3704269
11-Jan-12,29.16,29.39,28.96,29.32,3306215
10-Jan-12,28.61,29.35,28.61,29.20,4442612
9-Jan-12,28.76,28.83,28.44,28.53,3514615
6-Jan-12,28.37,28.79,28.14,28.72,5781664
5-Jan-12,28.07,28.62,28.05,28.48,2999469
4-Jan-12,28.50,28.59,28.04,28.28,3852364
3-Jan-12,28.70,29.01,28.51,28.57,4495006
30-Dec-11,28.26,28.64,28.26,28.27,3471880
29-Dec-11,28.02,28.45,27.98,28.31,2579743
28-Dec-11,28.45,28.58,27.93,28.02,2500460
27-Dec-11,28.25,28.76,28.16,28.50,3246412
23-Dec-11,28.04,28.30,27.95,28.29,3131870
22-Dec-11,28.05,28.25,27.70,27.88,5299627
21-Dec-11,28.29,28.38,27.40,27.97,7383597
20-Dec-11,27.95,28.49,27.86,28.44,4505769
19-Dec-11,28.06,28.29,27.40,27.50,6635703
16-Dec-11,27.73,28.93,27.62,28.20,14465418
15-Dec-11,26.80,27.01,26.39,26.46,5826837
14-Dec-11,26.80,27.15,26.25,26.52,7277856
13-Dec-11,27.55,27.70,26.89,26.99,8728758
12-Dec-11,27.73,27.80,27.10,27.39,4825013
9-Dec-11,27.35,28.15,27.30,28.04,4227330
8-Dec-11,27.74,28.11,27.32,27.38,4742229
7-Dec-11,27.87,27.99,27.16,27.86,5501014
6-Dec-11,28.01,28.18,27.84,27.96,4075370
5-Dec-11,27.43,28.07,27.25,27.91,4979864
2-Dec-11,27.35,27.45,27.01,27.11,3752516
1-Dec-11,26.93,27.45,26.90,27.14,4908115
30-Nov-11,26.80,27.43,26.61,27.42,6276086
29-Nov-11,26.69,26.69,25.94,26.07,8098610
28-Nov-11,26.49,26.88,26.41,26.62,5923233
25-Nov-11,25.72,26.06,25.72,25.83,2946684
23-Nov-11,26.05,26.16,25.80,25.94,5496075
22-Nov-11,26.47,26.65,26.20,26.33,5008007
21-Nov-11,26.85,26.86,26.33,26.63,6730550
18-Nov-11,27.72,27.76,27.13,27.18,6119848
17-Nov-11,28.48,28.55,27.48,27.69,6939545
16-Nov-11,28.24,29.07,28.00,28.54,6320239
15-Nov-11,28.13,28.59,28.11,28.47,5688814
14-Nov-11,28.35,28.74,28.16,28.24,4715456
11-Nov-11,28.17,28.79,28.02,28.43,8354638
10-Nov-11,28.22,28.28,27.62,28.03,8969430
9-Nov-11,27.49,28.48,26.13,28.08,27278110
8-Nov-11,30.16,30.68,30.04,30.42,6593881
7-Nov-11,29.67,29.99,29.04,29.92,4303490
4-Nov-11,29.97,30.07,29.61,29.79,6212165
3-Nov-11,29.63,30.22,29.49,30.16,5568738
2-Nov-11,28.88,29.67,28.83,29.35,9150281
1-Nov-11,28.52,28.85,28.13,28.59,12232173
31-Oct-11,28.48,29.72,28.45,29.41,12805863
28-Oct-11,28.15,29.06,28.08,29.02,4545631
27-Oct-11,28.51,28.68,28.14,28.34,7891453
26-Oct-11,28.09,28.15,27.25,27.81,6735144
25-Oct-11,28.05,28.28,27.77,27.85,6457013
24-Oct-11,27.31,28.23,27.24,28.20,6770676
21-Oct-11,26.39,27.41,26.36,27.30,7311573
20-Oct-11,26.03,26.20,25.50,26.08,8007103
19-Oct-11,26.57,26.75,25.91,26.02,3908367
18-Oct-11,26.30,26.99,25.86,26.76,9990451
17-Oct-11,26.99,27.06,26.11,26.24,5372932
14-Oct-11,27.12,27.64,26.37,26.81,18683819
13-Oct-11,25.80,25.89,25.39,25.80,4516773
12-Oct-11,26.09,26.28,25.80,25.88,4819032
11-Oct-11,25.73,26.07,25.53,25.84,4367035
10-Oct-11,25.74,26.08,25.45,25.76,4036137
7-Oct-11,25.42,25.68,25.03,25.28,4105411
6-Oct-11,24.60,25.34,24.49,25.33,3846284
5-Oct-11,24.07,24.80,23.74,24.68,5511187
4-Oct-11,22.97,24.07,22.89,24.04,7106328
3-Oct-11,23.90,24.22,23.24,23.26,7995178
30-Sep-11,24.60,24.70,24.14,24.17,6563626
29-Sep-11,25.60,25.83,24.45,24.99,6030072
28-Sep-11,25.62,25.80,25.04,25.11,4783830
27-Sep-11,25.54,26.14,25.36,25.56,5871417
26-Sep-11,24.99,25.17,24.31,25.13,5245147
23-Sep-11,24.16,25.00,23.97,24.88,5681639
22-Sep-11,23.99,24.40,23.87,24.31,11129988
21-Sep-11,25.95,26.30,24.88,24.89,15700830
20-Sep-11,25.40,25.40,24.53,24.64,11626724
19-Sep-11,25.22,25.51,24.84,25.27,7671212
16-Sep-11,25.81,25.85,25.25,25.52,13048212
15-Sep-11,26.03,26.18,25.69,26.12,5478560
14-Sep-11,25.36,26.10,24.99,25.76,5069224
13-Sep-11,25.25,25.44,24.86,25.18,7253967
12-Sep-11,24.32,25.23,24.24,25.20,6505467
9-Sep-11,24.73,25.10,24.42,24.64,6805528
8-Sep-11,25.23,25.25,24.86,24.99,5994233
7-Sep-11,24.10,25.34,24.02,25.30,7951410
6-Sep-11,23.46,23.81,23.20,23.74,5579687
2-Sep-11,24.29,24.32,23.77,24.15,6477021
1-Sep-11,25.35,25.43,24.69,24.77,4679332
31-Aug-11,25.35,25.87,25.04,25.24,5257217
30-Aug-11,25.20,25.39,24.90,25.19,5029880
29-Aug-11,24.96,25.58,24.84,25.52,3895925
26-Aug-11,23.82,24.75,23.55,24.54,4268887
25-Aug-11,24.29,24.46,23.75,23.86,6834412
24-Aug-11,23.74,24.14,23.45,24.10,5972542
23-Aug-11,23.30,23.78,23.18,23.78,6317739
22-Aug-11,23.19,23.36,22.84,23.17,6028377
19-Aug-11,23.05,23.68,22.67,22.69,7304416
18-Aug-11,23.80,23.85,23.00,23.28,10522674
17-Aug-11,24.57,25.15,24.30,24.56,5754621
16-Aug-11,24.33,24.76,24.22,24.63,7405879
15-Aug-11,24.16,24.65,24.15,24.65,4264447
12-Aug-11,23.86,24.27,23.78,24.10,7305092
11-Aug-11,22.98,24.33,22.67,24.00,14533343
10-Aug-11,24.25,24.37,22.75,22.80,14534983
9-Aug-11,24.09,24.85,23.20,24.81,12034635
8-Aug-11,24.77,25.21,23.91,23.91,11923513
5-Aug-11,26.40,26.50,25.16,25.62,14940528
4-Aug-11,26.91,27.12,26.12,26.15,11350419
3-Aug-11,27.01,27.40,26.56,27.37,4832086
2-Aug-11,27.51,27.27,26.56,27.01,6079931
1-Aug-11,27.95,28.04,27.23,27.67,6797985
29-Jul-11,28.00,28.15,27.63,27.71,8024106
28-Jul-11,28.43,28.66,28.00,28.02,9289475
27-Jul-11,29.46,29.48,28.46,28.50,6108293
26-Jul-11,29.67,29.85,29.35,29.63,2910676
25-Jul-11,29.56,29.83,29.32,29.65,3673049
22-Jul-11,29.69,29.85,29.10,29.72,5349553
21-Jul-11,29.22,30.03,29.17,29.56,6380691
20-Jul-11,29.40,29.45,29.03,29.16,3747645
19-Jul-11,29.02,29.63,28.93,29.40,4944206
18-Jul-11,29.18,29.18,28.34,28.77,5789704
15-Jul-11,29.43,29.57,29.02,29.29,5233013
14-Jul-11,30.12,30.22,29.25,29.35,7159550
13-Jul-11,30.52,30.76,29.97,30.07,5277373
12-Jul-11,30.80,30.80,30.23,30.35,5665227
11-Jul-11,31.18,31.33,30.76,30.98,3725383
8-Jul-11,31.80,32.00,31.12,31.54,4917549
7-Jul-11,31.85,32.35,31.76,32.07,4937970
6-Jul-11,31.52,31.79,31.45,31.65,2873105
5-Jul-11,31.42,31.60,31.24,31.52,3513365
1-Jul-11,31.33,31.65,31.24,31.53,4218336
30-Jun-11,31.21,31.60,31.05,31.45,5519674
29-Jun-11,30.95,31.26,30.88,31.15,5023514
28-Jun-11,31.03,31.03,30.71,30.79,5469511
27-Jun-11,29.84,31.13,29.82,30.89,7080318
24-Jun-11,30.27,30.34,29.73,29.97,8299047
23-Jun-11,29.67,30.48,29.63,30.44,8867906
22-Jun-11,30.30,30.77,29.78,30.01,22457310
21-Jun-11,31.20,32.03,31.15,32.01,9031853
20-Jun-11,30.27,31.09,30.26,30.95,8884569
17-Jun-11,31.33,31.33,30.44,30.47,10549165
16-Jun-11,31.09,31.24,30.43,30.80,5988122
15-Jun-11,31.74,31.81,31.07,31.13,5132491
14-Jun-11,31.95,32.52,31.80,32.09,4764225
13-Jun-11,31.67,31.93,31.58,31.66,3756295
10-Jun-11,32.23,32.23,31.58,31.67,5023154
9-Jun-11,32.35,32.48,32.05,32.22,3550573
8-Jun-11,32.87,33.01,32.20,32.24,4481286
7-Jun-11,33.00,33.31,32.67,33.01,4301760
6-Jun-11,33.17,33.41,32.82,32.84,3075315
3-Jun-11,33.80,33.93,33.26,33.27,3929928
2-Jun-11,34.07,34.28,33.72,34.26,6011963
1-Jun-11,34.53,34.82,34.11,34.12,3569321
31-May-11,34.61,34.84,34.41,34.63,3937919
27-May-11,34.46,34.56,34.08,34.29,4040040
26-May-11,34.07,34.63,33.96,34.54,2789363
25-May-11,34.10,34.37,33.94,34.13,2961249
24-May-11,34.56,34.69,33.99,34.14,2807006
23-May-11,34.72,34.81,34.17,34.43,3605250
20-May-11,35.46,35.67,35.21,35.31,3246673
19-May-11,34.98,35.51,34.87,35.41,4252887
18-May-11,34.60,34.95,34.43,34.87,2209768
17-May-11,34.39,34.97,34.21,34.72,5348833
16-May-11,35.13,35.36,34.34,34.39,3879424
13-May-11,35.75,35.85,35.21,35.33,4072210
12-May-11,35.32,35.89,35.18,35.86,6054539
11-May-11,35.00,35.99,34.92,35.40,8718222
10-May-11,34.10,34.86,34.01,34.75,4194144
9-May-11,33.34,34.25,33.24,33.97,5395059
6-May-11,33.32,33.88,33.09,33.40,4903024
5-May-11,33.12,33.39,32.75,32.94,3472277
4-May-11,33.41,33.58,33.00,33.22,3903294
3-May-11,33.46,33.70,33.10,33.49,2976529
2-May-11,33.68,33.95,33.46,33.55,3500781
29-Apr-11,34.05,34.12,33.48,33.55,5228681
28-Apr-11,33.64,34.14,33.64,34.02,3321727
27-Apr-11,33.14,33.69,33.07,33.65,5087336
26-Apr-11,33.28,33.35,32.91,33.13,7749673
25-Apr-11,33.58,33.72,33.14,33.23,5236373
21-Apr-11,33.69,33.76,33.38,33.48,6779523
20-Apr-11,33.48,34.00,33.30,33.69,9636501
19-Apr-11,33.85,34.02,33.58,33.65,4723262
18-Apr-11,34.07,34.14,33.29,33.85,5448961
15-Apr-11,34.41,34.73,34.24,34.51,6120824
14-Apr-11,33.90,34.52,33.83,34.33,4628645
13-Apr-11,34.30,34.44,33.79,34.21,5075801
12-Apr-11,34.21,34.29,33.87,34.09,4631658
11-Apr-11,34.20,34.71,34.19,34.38,6796890
8-Apr-11,34.62,34.68,33.95,34.15,4721396
7-Apr-11,34.11,34.59,34.08,34.48,5318971
6-Apr-11,34.44,34.55,33.81,34.24,5306415
5-Apr-11,34.20,34.42,34.06,34.18,5494497
4-Apr-11,34.26,34.58,34.23,34.37,5499999
1-Apr-11,33.53,34.64,33.34,34.16,10489649
31-Mar-11,32.88,33.30,32.80,33.16,7720000
30-Mar-11,32.79,33.06,32.72,32.95,7082503
29-Mar-11,32.45,32.88,32.27,32.62,8032259
28-Mar-11,32.81,32.81,32.33,32.43,5639381
25-Mar-11,32.81,32.92,32.49,32.64,8997292
24-Mar-11,31.73,32.71,31.73,32.59,11754133
23-Mar-11,32.61,32.72,30.76,31.68,17690037
22-Mar-11,32.34,33.04,32.28,32.88,11327983
21-Mar-11,32.31,32.85,32.11,32.34,5670899
18-Mar-11,32.11,32.40,31.93,31.99,6921512
17-Mar-11,32.57,32.57,31.53,31.84,9127154
16-Mar-11,32.68,32.80,31.79,32.09,8151038
15-Mar-11,32.45,33.24,32.16,33.04,6683450
14-Mar-11,34.22,34.45,33.52,34.08,5577100
11-Mar-11,34.70,34.87,33.96,34.61,5058804
10-Mar-11,34.68,35.16,34.15,34.86,5266621
9-Mar-11,35.17,35.63,35.02,35.13,3435767
8-Mar-11,34.80,35.66,34.44,35.29,3783749
7-Mar-11,35.45,35.60,34.25,34.72,5003508
4-Mar-11,34.94,35.50,34.70,35.27,4005847
3-Mar-11,34.82,35.35,34.80,35.05,3148571
2-Mar-11,33.94,34.82,33.91,34.48,4561947
1-Mar-11,34.73,34.79,33.67,33.97,5908464
28-Feb-11,34.68,35.00,34.16,34.50,4936863
25-Feb-11,34.15,34.94,34.14,34.63,5620212
24-Feb-11,33.35,33.63,32.94,33.45,3965432
23-Feb-11,33.70,33.74,32.93,33.38,4734079
22-Feb-11,34.93,35.13,33.72,33.74,6550011
18-Feb-11,35.10,35.84,35.00,35.39,6779647
17-Feb-11,34.48,35.10,34.42,34.98,4395653
16-Feb-11,34.00,35.18,33.90,34.69,7727835
15-Feb-11,33.68,34.00,33.47,33.94,3145515
14-Feb-11,33.70,34.00,33.60,33.86,2746276
11-Feb-11,33.42,33.68,33.10,33.67,3113413
10-Feb-11,32.86,33.57,32.76,33.57,4010704
9-Feb-11,33.47,33.49,32.72,33.01,4327505
8-Feb-11,33.63,33.65,33.20,33.57,2074837
7-Feb-11,33.48,33.69,33.35,33.56,3679371
4-Feb-11,33.57,33.72,33.17,33.36,6536765
3-Feb-11,33.27,33.60,32.98,33.53,3043721
2-Feb-11,33.29,33.98,33.29,33.43,3046011
1-Feb-11,33.25,33.86,33.22,33.51,4737914
31-Jan-11,32.60,33.12,32.57,33.05,5390507
28-Jan-11,33.93,33.99,32.34,32.49,6506673
27-Jan-11,33.48,34.00,33.44,33.85,4679381
26-Jan-11,33.36,33.89,33.34,33.52,5913463
25-Jan-11,32.98,33.71,32.98,33.56,8191581
24-Jan-11,33.36,34.13,33.28,34.03,7389478
21-Jan-11,33.79,33.92,33.19,33.27,5715159
20-Jan-11,33.66,33.75,32.68,33.49,8531753
19-Jan-11,34.12,34.25,33.64,33.91,5899536
18-Jan-11,33.55,34.30,33.54,34.18,5722036
14-Jan-11,33.41,33.92,33.32,33.79,5767554
13-Jan-11,33.58,33.72,33.07,33.38,7594736
12-Jan-11,33.14,33.74,33.06,33.57,7319028
11-Jan-11,33.13,33.26,32.66,32.98,7110579
10-Jan-11,32.30,33.10,31.95,32.96,10378294
7-Jan-11,32.18,32.22,31.50,32.04,6828460
6-Jan-11,32.13,32.30,31.88,32.27,6231785
5-Jan-11,31.48,32.24,31.42,32.22,7143420
4-Jan-11,31.28,31.65,31.18,31.51,8038043
3-Jan-11,30.83,31.48,30.79,31.29,6245582
31-Dec-10,30.52,30.80,30.42,30.78,2841271
30-Dec-10,30.92,31.10,30.57,30.57,3435473
29-Dec-10,30.93,31.12,30.84,30.97,2662582
28-Dec-10,31.12,31.17,30.69,30.92,3748349
27-Dec-10,30.70,31.04,30.62,30.95,2920550
23-Dec-10,30.54,30.88,30.54,30.85,3027574
22-Dec-10,30.85,30.89,30.30,30.65,6343427
21-Dec-10,30.98,31.15,30.28,30.93,23470219
20-Dec-10,29.01,29.42,28.98,29.18,11973511
17-Dec-10,28.57,28.96,28.38,28.79,11646333
16-Dec-10,27.81,28.52,27.51,28.52,7665648
15-Dec-10,28.06,28.43,27.68,27.72,6462440
14-Dec-10,27.86,28.18,27.67,28.15,6546737
13-Dec-10,28.58,28.69,27.80,27.81,8841404
10-Dec-10,28.63,28.81,28.38,28.71,5346091
9-Dec-10,29.43,29.49,28.48,28.60,10399194
8-Dec-10,29.03,29.28,29.00,29.21,4880334
7-Dec-10,29.50,29.55,28.89,29.02,7598650
6-Dec-10,29.02,29.42,28.86,29.23,6061466
3-Dec-10,28.91,29.28,28.91,29.14,4868218
2-Dec-10,28.48,29.13,28.36,29.10,5771693
1-Dec-10,28.15,28.58,28.13,28.37,6308943
30-Nov-10,27.97,28.13,27.66,27.80,5832228
29-Nov-10,28.40,28.67,27.98,28.36,4553642
26-Nov-10,28.12,28.79,27.98,28.72,2658772
24-Nov-10,28.32,28.77,28.25,28.40,7025558
23-Nov-10,28.80,28.80,27.49,28.19,14186030
22-Nov-10,28.72,29.23,28.55,29.18,4450150
19-Nov-10,28.66,29.20,28.62,28.86,6047722
18-Nov-10,29.26,29.47,28.68,28.68,6761449
17-Nov-10,28.97,29.28,28.66,28.90,6688119
16-Nov-10,29.23,29.49,28.88,29.02,7979925
15-Nov-10,29.57,29.82,29.40,29.51,5192104
12-Nov-10,29.69,29.85,29.15,29.54,8463066
11-Nov-10,29.37,29.95,29.18,29.94,6408507
10-Nov-10,29.54,29.90,29.35,29.79,6359329
9-Nov-10,29.40,29.85,29.34,29.49,6308103
8-Nov-10,29.00,29.35,28.88,29.29,5143509
5-Nov-10,29.43,29.71,29.07,29.14,7585301
4-Nov-10,29.11,29.49,29.07,29.46,6191466
3-Nov-10,29.02,29.09,28.52,28.80,6424214
2-Nov-10,28.38,29.15,28.20,29.02,9646244
1-Nov-10,28.29,28.48,28.00,28.22,5394694
29-Oct-10,28.16,28.36,28.03,28.15,6212301
28-Oct-10,28.27,28.30,27.95,28.10,9751286
27-Oct-10,27.95,28.23,27.80,28.17,10823474
26-Oct-10,28.04,28.77,27.95,28.14,12551782
25-Oct-10,28.20,28.40,27.85,28.20,13727966
22-Oct-10,27.75,28.25,27.58,28.21,6902017
21-Oct-10,28.32,28.35,27.26,27.70,9223298
20-Oct-10,27.71,28.40,27.46,28.21,9200865
19-Oct-10,27.68,27.94,27.32,27.58,9833023
18-Oct-10,27.80,28.19,27.48,28.06,8073851
15-Oct-10,27.62,28.35,27.30,28.08,20403935
14-Oct-10,27.85,28.00,27.20,27.49,7436456
13-Oct-10,27.78,28.00,27.53,27.71,9442811
12-Oct-10,27.23,27.78,27.02,27.66,10275188
11-Oct-10,27.05,27.49,26.99,27.25,10460183
8-Oct-10,27.52,27.65,26.86,26.99,44108746
7-Oct-10,25.80,30.00,25.45,28.69,66892685
6-Oct-10,26.00,26.10,25.50,25.73,12638123
5-Oct-10,25.79,26.00,25.66,25.77,14813926
4-Oct-10,26.14,26.40,25.56,25.60,12822429
1-Oct-10,26.31,26.49,26.15,26.27,8924314
30-Sep-10,26.25,26.32,25.70,26.15,17409066
29-Sep-10,26.27,26.34,26.00,26.04,14196169
28-Sep-10,26.91,26.92,26.13,26.28,25310914
27-Sep-10,26.88,27.08,26.63,26.88,11297212
24-Sep-10,26.68,26.92,26.42,26.88,23952024
23-Sep-10,26.58,26.84,26.29,26.41,31778731
22-Sep-10,25.89,26.85,25.81,26.67,108752319
21-Sep-10,33.66,33.68,32.84,32.94,25371641
20-Sep-10,33.34,33.50,32.88,33.11,8440496
17-Sep-10,33.13,33.38,32.67,32.78,11075363
16-Sep-10,32.76,33.13,32.62,32.85,6240637
15-Sep-10,32.26,32.77,32.14,32.76,4407460
14-Sep-10,32.08,32.87,32.08,32.48,6015801
13-Sep-10,32.29,32.55,31.96,32.24,6417108
10-Sep-10,32.56,32.64,31.86,32.20,15942996
9-Sep-10,31.90,33.23,31.30,32.86,38740414
8-Sep-10,29.32,29.62,29.23,29.31,5205537
7-Sep-10,29.48,29.57,29.10,29.17,4154080
3-Sep-10,29.66,29.91,29.25,29.49,6035562
2-Sep-10,29.00,29.42,28.86,29.42,6125513
1-Sep-10,28.14,28.90,27.89,28.85,6116978
31-Aug-10,27.73,27.97,27.50,27.70,8491056
30-Aug-10,27.79,28.10,27.63,27.79,4870290
27-Aug-10,27.48,28.06,27.02,27.98,7342340
26-Aug-10,27.65,27.78,27.12,27.38,12818113
25-Aug-10,27.59,27.80,27.42,27.48,12705954
24-Aug-10,27.56,28.06,27.29,27.93,7822497
23-Aug-10,28.09,28.38,27.63,27.82,4413602
20-Aug-10,27.74,28.04,27.41,27.92,5253769
19-Aug-10,27.87,28.14,27.27,27.69,5126645
18-Aug-10,27.79,28.27,27.49,28.10,4006368
17-Aug-10,27.50,28.07,27.42,27.96,6818303
16-Aug-10,27.82,27.84,27.21,27.36,6334477
13-Aug-10,27.92,28.34,27.86,28.01,6625473
12-Aug-10,27.80,28.33,27.76,28.08,7693953
11-Aug-10,28.83,28.85,28.23,28.25,7505872
10-Aug-10,29.23,29.41,28.76,29.17,4063191
9-Aug-10,29.40,29.54,29.12,29.52,3483321
6-Aug-10,29.06,29.42,28.73,29.23,5149179
5-Aug-10,29.41,29.64,29.24,29.44,4612520
4-Aug-10,29.14,29.75,29.06,29.70,6700517
3-Aug-10,29.48,29.49,28.93,29.12,5651836
2-Aug-10,29.11,29.76,28.90,29.60,5584610
30-Jul-10,28.40,28.84,28.11,28.72,4531420
29-Jul-10,28.75,29.10,28.38,28.70,5320208
28-Jul-10,29.11,29.37,28.59,28.69,4451641
27-Jul-10,29.20,29.39,28.83,29.22,5175310
26-Jul-10,29.15,29.28,28.80,29.17,5061731
23-Jul-10,28.60,29.35,28.54,29.23,7703178
22-Jul-10,27.91,28.74,27.80,28.58,6138482
21-Jul-10,27.94,28.28,27.52,27.67,8322368
20-Jul-10,27.18,27.87,26.94,27.87,5690561
19-Jul-10,27.50,27.80,27.29,27.67,5151880
16-Jul-10,28.27,28.29,27.21,27.39,7254178
15-Jul-10,27.94,28.30,27.72,28.22,4838432
14-Jul-10,28.17,28.42,27.67,28.03,9457100
13-Jul-10,27.35,28.43,27.24,28.11,13577869
12-Jul-10,27.27,27.61,26.94,27.09,7012665
9-Jul-10,26.86,27.24,26.71,27.20,5316975
8-Jul-10,26.96,27.05,26.42,26.85,8851981
7-Jul-10,26.34,26.85,26.20,26.79,11753564
6-Jul-10,27.18,27.37,26.04,26.34,13509223
2-Jul-10,26.69,26.99,26.33,26.73,10420356
1-Jul-10,26.52,26.88,26.01,26.66,15728459
30-Jun-10,26.82,27.20,26.32,26.43,17468829
29-Jun-10,28.37,28.37,26.76,26.90,22063640
28-Jun-10,29.85,30.09,28.71,28.72,14512688
25-Jun-10,30.43,30.57,29.69,29.85,15030725
24-Jun-10,30.36,30.81,30.10,30.26,20289668
23-Jun-10,32.35,32.42,30.18,30.38,35851764
22-Jun-10,33.34,33.77,32.68,32.76,9593522
21-Jun-10,33.77,33.96,32.93,33.13,5762748
18-Jun-10,33.12,34.00,33.04,33.52,9513923
17-Jun-10,32.62,33.22,32.60,33.12,7250689
16-Jun-10,32.38,32.59,32.22,32.44,4614406
15-Jun-10,31.89,32.62,31.78,32.51,5930118
14-Jun-10,32.00,32.38,31.64,31.70,5240039
11-Jun-10,31.21,31.84,31.16,31.73,7233177
10-Jun-10,31.34,31.76,30.83,31.72,5666734
9-Jun-10,31.14,31.52,30.63,30.73,5810256
8-Jun-10,31.15,31.26,30.60,31.00,7767751
7-Jun-10,31.70,31.74,30.94,31.06,8385497
4-Jun-10,32.15,32.47,31.49,31.59,8507492
3-Jun-10,32.92,33.16,32.65,32.90,8847417
2-Jun-10,32.27,32.97,31.79,32.94,7213630
1-Jun-10,32.36,33.04,32.10,32.13,9744337
28-May-10,32.19,32.42,31.69,32.08,8778889
27-May-10,31.43,32.21,31.39,32.20,7496394
26-May-10,31.65,31.72,30.80,30.94,8820591
25-May-10,30.75,31.56,30.48,31.55,6368703
24-May-10,31.82,32.17,31.61,31.63,6543793
21-May-10,31.15,32.33,30.97,32.18,7758161
20-May-10,32.20,32.55,31.62,31.74,8094375
19-May-10,33.22,33.66,32.53,32.88,6098124
18-May-10,33.72,34.31,33.04,33.28,6209017
17-May-10,33.98,34.22,33.18,33.81,6235260
14-May-10,34.24,34.40,33.26,33.72,7082023
13-May-10,34.79,35.40,34.36,34.41,4957902
12-May-10,34.12,34.93,34.06,34.80,7973828
11-May-10,33.95,34.38,33.70,33.80,6929256
10-May-10,32.75,34.29,32.75,34.28,11416651
7-May-10,32.76,32.96,31.68,32.42,14897213
6-May-10,32.80,33.74,30.24,32.49,14650308
5-May-10,32.68,33.58,32.54,32.96,12226121
4-May-10,33.12,33.17,32.22,33.14,11029965
3-May-10,33.68,33.96,33.40,33.59,8865151
30-Apr-10,34.97,34.99,33.56,33.60,12735726
29-Apr-10,35.27,35.56,34.54,34.96,10958301
28-Apr-10,35.48,35.61,35.05,35.47,5290093
27-Apr-10,35.91,36.00,35.19,35.34,6938684
26-Apr-10,36.21,36.35,35.99,36.15,5610454
23-Apr-10,35.84,36.29,35.72,36.25,6528508
22-Apr-10,35.41,36.02,35.00,35.97,11649929
21-Apr-10,34.80,35.09,34.79,34.92,6896160
20-Apr-10,34.19,35.14,34.10,34.93,8631909
19-Apr-10,33.81,34.20,33.32,33.82,6817180
16-Apr-10,34.54,34.58,33.53,34.00,12718951
15-Apr-10,35.09,35.10,34.17,34.39,9548432
14-Apr-10,34.63,35.04,34.57,35.02,5037655
13-Apr-10,34.86,35.09,34.51,34.75,5825662
12-Apr-10,35.42,35.54,34.91,35.02,5690518
9-Apr-10,34.57,35.47,34.44,35.47,7205458
8-Apr-10,35.03,35.08,34.63,34.94,5726753
7-Apr-10,35.56,35.64,34.95,35.06,6632078
6-Apr-10,35.56,35.93,35.55,35.70,4211395
5-Apr-10,35.68,36.07,35.66,35.99,5267022
31-Mar-10,35.62,35.70,35.27,35.37,4436693
30-Mar-10,35.78,35.90,35.29,35.68,3469775
29-Mar-10,35.60,36.01,35.60,35.74,5055650
26-Mar-10,35.85,36.10,35.25,35.51,6049170
25-Mar-10,36.66,36.79,35.86,35.87,6566504
24-Mar-10,37.12,37.30,36.48,36.51,16779260
23-Mar-10,35.26,35.42,34.69,35.22,8504413
22-Mar-10,34.61,35.06,34.60,34.95,4896018
19-Mar-10,35.86,35.95,34.50,34.67,16351194
18-Mar-10,35.72,35.95,35.56,35.75,4226949
17-Mar-10,35.61,36.08,35.45,35.49,8350734
16-Mar-10,35.46,35.68,34.93,35.02,5819252
15-Mar-10,35.15,35.56,35.00,35.49,3933080
12-Mar-10,35.22,35.27,35.11,35.16,6262320
11-Mar-10,35.07,35.27,35.00,35.22,4371480
10-Mar-10,35.27,35.35,35.04,35.15,5969702
9-Mar-10,35.06,35.62,35.04,35.12,5486122
8-Mar-10,35.12,35.40,35.02,35.06,3850084
5-Mar-10,35.08,35.44,34.93,35.16,8381817
4-Mar-10,34.86,35.09,34.58,34.94,4441064
3-Mar-10,34.87,35.15,34.61,34.82,4098896
2-Mar-10,34.68,35.10,34.64,34.74,5603348
1-Mar-10,34.63,35.00,34.53,34.89,4964943
26-Feb-10,34.55,34.70,34.06,34.65,4792576
25-Feb-10,33.80,34.59,33.54,34.56,7735478
24-Feb-10,33.63,34.63,33.56,34.55,9545142
23-Feb-10,33.68,33.82,33.20,33.44,7905988
22-Feb-10,34.21,34.21,33.51,33.70,6119722
19-Feb-10,33.80,34.16,33.56,33.88,12323988
18-Feb-10,32.47,33.33,32.47,33.24,9614659
17-Feb-10,32.16,32.43,31.96,32.33,9213968
16-Feb-10,31.50,31.87,31.28,31.81,9113717
12-Feb-10,32.25,32.28,31.28,31.45,21221535
11-Feb-10,32.60,33.16,32.28,32.64,10125393
10-Feb-10,33.45,33.55,32.57,32.76,9591999
9-Feb-10,32.60,32.66,31.91,32.31,8047643
8-Feb-10,32.77,32.79,32.02,32.05,8615513
5-Feb-10,32.43,32.80,31.85,32.77,11881405
4-Feb-10,32.88,32.96,32.20,32.24,9450209
3-Feb-10,32.85,33.43,32.54,32.98,6731911
2-Feb-10,32.54,33.13,32.31,32.98,5735692
1-Feb-10,32.39,32.54,32.06,32.48,8705489
29-Jan-10,32.95,33.24,32.17,32.30,8377801
28-Jan-10,33.29,33.66,32.48,32.89,6417751
27-Jan-10,33.68,33.68,32.65,33.14,9897033
26-Jan-10,33.81,34.29,33.62,33.94,5356277
25-Jan-10,34.63,34.98,33.97,34.16,6961426
22-Jan-10,35.62,35.82,34.35,34.38,7721292
21-Jan-10,36.49,36.65,35.46,35.82,7404665
20-Jan-10,36.37,36.51,35.62,36.49,6258410
19-Jan-10,35.87,37.02,35.81,36.95,5964058
15-Jan-10,35.92,36.21,35.47,35.87,6732290
14-Jan-10,36.13,36.51,35.79,35.90,4536191
13-Jan-10,35.83,36.36,35.60,36.28,3660011
12-Jan-10,36.14,36.14,35.38,35.66,5073882
11-Jan-10,36.68,36.77,35.95,36.21,4901418
8-Jan-10,36.75,36.97,36.34,36.69,5429158
7-Jan-10,37.41,37.59,36.81,36.89,5576649
6-Jan-10,37.33,37.74,37.20,37.62,5336345
5-Jan-10,37.04,37.80,36.87,37.70,7108727
4-Jan-10,36.65,37.30,36.65,37.09,4710112
31-Dec-09,37.17,37.21,36.70,36.78,2900369
30-Dec-09,37.03,37.50,37.03,37.18,2124034
29-Dec-09,37.14,37.34,36.97,37.21,3093198
28-Dec-09,37.18,37.42,36.97,37.19,2573464
24-Dec-09,36.95,37.17,36.81,37.17,1349993
23-Dec-09,37.37,37.37,36.86,36.93,5559504
22-Dec-09,37.35,37.50,37.20,37.34,3192196
21-Dec-09,37.38,37.68,37.04,37.28,5031815
18-Dec-09,37.25,37.47,37.02,37.34,9334728
17-Dec-09,37.46,37.52,36.99,37.01,6562790
16-Dec-09,36.87,38.20,36.87,37.86,15619499
15-Dec-09,35.58,36.66,35.50,36.36,8022826
14-Dec-09,35.78,35.84,35.31,35.78,5447001
11-Dec-09,35.90,35.98,35.15,35.38,4389302
10-Dec-09,35.81,36.15,35.63,35.80,3884417
9-Dec-09,35.85,36.00,35.26,35.85,4421408
8-Dec-09,36.03,36.27,35.58,36.08,3863169
7-Dec-09,36.46,36.84,36.20,36.37,3119497
4-Dec-09,36.38,36.94,35.98,36.50,4433199
3-Dec-09,36.42,36.84,36.00,36.00,3681220
2-Dec-09,36.53,36.91,36.36,36.50,3645646
1-Dec-09,35.46,36.52,35.27,36.40,5428856
30-Nov-09,35.25,35.44,34.54,35.08,5074995
27-Nov-09,35.01,35.66,34.63,35.38,2049561
25-Nov-09,36.07,36.33,35.90,36.17,2504424
24-Nov-09,36.14,36.44,35.84,35.95,3790770
23-Nov-09,36.05,36.68,35.98,36.44,3085494
20-Nov-09,35.72,36.07,35.49,35.81,3344414
19-Nov-09,36.25,36.48,35.50,36.11,3754448
18-Nov-09,36.59,36.78,36.00,36.59,3998448
17-Nov-09,36.56,36.95,36.44,36.90,3283277
16-Nov-09,36.51,37.15,36.11,36.81,5263132
13-Nov-09,35.69,36.60,35.69,36.51,4989655
12-Nov-09,35.82,36.11,35.41,35.61,5872889
11-Nov-09,35.96,36.03,34.46,35.92,13794563
10-Nov-09,36.56,36.75,36.35,36.60,5079410
9-Nov-09,35.88,36.58,35.41,36.45,8883112
6-Nov-09,34.59,35.19,34.38,34.65,3693843
5-Nov-09,33.98,34.92,33.98,34.70,4164210
4-Nov-09,33.30,34.52,32.95,33.86,7883316
3-Nov-09,32.72,33.08,32.37,33.01,6516748
2-Nov-09,32.80,33.10,32.37,32.87,4808944
30-Oct-09,33.40,33.87,32.86,32.94,5811943
29-Oct-09,33.11,33.68,32.70,33.54,6716675
28-Oct-09,33.72,33.79,32.70,32.83,6169082
27-Oct-09,34.54,34.91,33.79,33.95,4267245
26-Oct-09,34.64,35.39,34.30,34.45,4379697
23-Oct-09,35.14,35.57,34.56,34.78,3678044
22-Oct-09,34.53,35.28,34.01,35.17,4913382
21-Oct-09,35.35,35.69,34.74,34.81,5022665
20-Oct-09,35.52,35.60,34.99,35.41,4357787
19-Oct-09,35.76,35.93,35.49,35.65,4116450
16-Oct-09,35.48,35.95,35.35,35.67,6909669
15-Oct-09,35.08,35.85,35.07,35.75,8063569
14-Oct-09,34.87,35.52,34.81,35.43,6908127
13-Oct-09,34.25,34.71,34.16,34.62,4565570
12-Oct-09,34.67,34.88,34.15,34.36,3597664
9-Oct-09,34.08,34.77,33.98,34.64,3708631
8-Oct-09,33.74,34.60,33.70,34.33,8629375
7-Oct-09,33.74,33.74,33.06,33.26,4172343
6-Oct-09,32.79,33.75,32.63,33.51,7117506
5-Oct-09,32.37,32.72,32.12,32.55,4892058
2-Oct-09,31.59,32.54,31.59,32.35,5922931
1-Oct-09,32.66,32.78,31.96,32.18,7257999
30-Sep-09,32.76,33.22,32.12,33.04,6633295
29-Sep-09,32.88,33.22,32.53,32.68,5013040
28-Sep-09,32.20,33.26,32.12,32.93,5849270
25-Sep-09,32.11,32.41,31.89,32.03,4516614
24-Sep-09,32.70,32.86,32.07,32.32,5948449
23-Sep-09,33.03,33.33,32.68,32.71,6942945
22-Sep-09,33.07,33.31,32.98,33.11,4369307
21-Sep-09,32.75,33.65,32.75,32.85,5879766
18-Sep-09,33.05,33.43,32.70,32.95,10512412
17-Sep-09,33.55,33.59,32.72,32.84,13828532
16-Sep-09,33.58,33.85,33.01,33.35,28912253
15-Sep-09,35.29,35.78,34.80,35.62,10762496
14-Sep-09,34.44,35.29,34.28,35.19,8246883
11-Sep-09,34.11,34.98,34.05,34.65,7586209
10-Sep-09,32.74,34.13,32.51,34.02,10199943
9-Sep-09,32.25,32.92,32.12,32.80,5852148
8-Sep-09,32.48,32.56,32.14,32.51,5160662
4-Sep-09,31.63,32.10,31.43,32.05,4110799
3-Sep-09,31.00,31.52,30.70,31.49,4344039
2-Sep-09,31.14,31.27,30.73,31.00,5233071
1-Sep-09,31.27,32.08,30.89,31.10,7670041
31-Aug-09,31.58,31.81,31.10,31.42,7132193
28-Aug-09,32.72,32.98,31.31,31.73,7114803
27-Aug-09,32.35,32.56,31.72,32.46,5171398
26-Aug-09,32.52,32.76,32.15,32.51,4054777
25-Aug-09,32.67,32.97,32.33,32.67,3861373
24-Aug-09,32.85,33.23,32.52,32.73,4737163
21-Aug-09,32.44,32.93,32.00,32.84,5108676
20-Aug-09,31.83,32.19,31.48,32.10,4675990
19-Aug-09,31.45,31.88,31.17,31.72,5001122
18-Aug-09,31.28,31.92,31.10,31.72,4925671
17-Aug-09,31.72,31.90,31.12,31.21,5501113
14-Aug-09,33.21,33.29,31.86,32.27,8012566
13-Aug-09,33.32,33.47,32.76,33.43,6055151
12-Aug-09,31.87,33.32,31.84,33.04,6236615
11-Aug-09,32.56,32.60,31.79,31.92,6554377
10-Aug-09,32.80,33.49,32.65,32.82,4476211
7-Aug-09,33.01,33.46,32.79,33.22,5213774
6-Aug-09,32.01,32.54,31.87,32.42,6419896
5-Aug-09,33.12,33.12,31.48,32.01,10117447
4-Aug-09,32.60,33.26,32.56,33.00,4677406
3-Aug-09,32.61,33.00,32.42,32.68,4723737
31-Jul-09,32.38,32.86,32.28,32.42,4226269
30-Jul-09,32.54,33.34,32.17,32.28,5653980
29-Jul-09,32.18,32.29,31.70,32.06,4935813
28-Jul-09,32.45,32.91,32.04,32.33,7579894
27-Jul-09,32.56,32.90,32.21,32.61,5254716
24-Jul-09,31.83,32.69,31.67,32.63,5921443
23-Jul-09,31.21,32.33,31.13,32.31,7242301
22-Jul-09,31.04,31.48,31.00,31.34,5624695
21-Jul-09,31.03,31.35,30.84,31.26,6274355
20-Jul-09,30.74,31.35,30.62,31.21,6790661
17-Jul-09,30.90,31.06,30.39,31.02,6301221
16-Jul-09,29.67,30.94,29.54,30.87,9327758
15-Jul-09,29.18,29.91,29.00,29.85,11216479
14-Jul-09,28.09,28.45,27.93,28.30,8136782
13-Jul-09,27.56,28.45,26.90,28.37,8030664
10-Jul-09,27.14,27.73,27.07,27.58,6069704
9-Jul-09,26.72,27.58,26.53,27.42,8077951
8-Jul-09,26.63,26.63,26.08,26.47,10199063
7-Jul-09,27.02,27.21,26.30,26.34,6454709
6-Jul-09,27.10,27.42,26.81,27.16,7269345
2-Jul-09,28.11,28.47,27.58,27.64,4254443
1-Jul-09,28.38,29.19,28.38,28.66,5557286
30-Jun-09,28.76,28.79,27.94,28.30,6104720
29-Jun-09,28.13,28.76,28.05,28.62,4468261
26-Jun-09,27.50,28.31,27.48,28.00,6420194
25-Jun-09,27.87,28.64,27.41,28.52,6417099
24-Jun-09,27.59,28.38,27.50,27.74,7141319
23-Jun-09,27.55,27.84,27.20,27.71,8013797
22-Jun-09,28.56,28.78,27.31,27.31,12028131
19-Jun-09,28.99,29.44,28.94,29.33,9214751
18-Jun-09,28.95,28.95,28.20,28.72,7367959
17-Jun-09,28.27,29.00,28.00,28.68,12654165
16-Jun-09,29.07,29.13,28.13,28.17,9998686
15-Jun-09,29.99,29.99,28.54,28.82,11229711
12-Jun-09,30.60,30.67,29.61,30.15,5478513
11-Jun-09,30.36,31.00,30.10,30.40,7257741
10-Jun-09,29.88,30.43,29.63,30.17,8515301
9-Jun-09,29.40,29.97,29.15,29.77,5290838
8-Jun-09,29.78,29.90,28.85,29.17,6755613
5-Jun-09,29.45,30.34,28.79,29.98,8839234
4-Jun-09,28.71,29.55,28.68,29.44,7161676
3-Jun-09,29.05,29.49,28.30,29.06,8572649
2-Jun-09,29.17,29.75,29.08,29.59,7365368
1-Jun-09,28.30,29.50,28.30,29.36,6602646
29-May-09,27.49,28.19,27.02,28.18,6950221
28-May-09,27.25,27.64,26.57,27.54,7651000
27-May-09,27.67,28.07,27.15,27.25,5013697
26-May-09,26.31,27.95,26.10,27.89,6088119
22-May-09,26.00,27.04,26.00,26.48,4959372
21-May-09,25.90,26.15,25.70,26.07,6320687
20-May-09,26.69,27.32,26.31,26.39,5324258
19-May-09,26.25,26.81,26.01,26.56,3509486
18-May-09,25.94,26.52,25.70,26.48,4461668
15-May-09,25.97,26.35,25.52,25.92,4806492
14-May-09,25.20,26.15,25.20,25.93,6720989
13-May-09,25.99,26.03,25.12,25.17,7918476
12-May-09,26.32,26.34,25.67,25.99,5077853
11-May-09,24.85,26.36,24.78,26.15,7683746
8-May-09,26.06,26.53,25.21,25.42,7673969
7-May-09,26.58,26.64,25.38,25.63,7950045
6-May-09,26.89,27.04,25.66,26.35,9995779
5-May-09,26.74,26.91,26.20,26.89,8157398
4-May-09,26.59,26.75,25.88,26.69,14574268
1-May-09,27.08,28.00,27.02,27.46,9135190
30-Apr-09,27.10,27.71,26.73,27.35,9143922
29-Apr-09,25.99,26.84,25.59,26.75,9035926
28-Apr-09,25.70,25.95,25.25,25.70,8099823
27-Apr-09,25.92,26.65,25.70,26.14,9240325
24-Apr-09,24.51,26.49,24.45,26.42,13798582
23-Apr-09,23.86,24.49,23.54,24.48,8006472
22-Apr-09,23.21,24.74,23.21,24.16,7045117
21-Apr-09,23.35,24.13,23.25,23.75,7442989
20-Apr-09,24.43,24.43,23.33,23.46,6963546
17-Apr-09,24.60,24.87,24.05,24.70,7899470
16-Apr-09,24.14,24.59,23.44,24.38,9290956
15-Apr-09,23.77,23.92,23.12,23.64,6980438
14-Apr-09,24.38,24.49,23.84,24.01,6544931
13-Apr-09,24.60,24.89,24.22,24.72,5581745
9-Apr-09,24.48,24.97,24.28,24.87,8501755
8-Apr-09,23.81,24.17,23.47,23.92,5991300
7-Apr-09,23.61,23.66,22.76,22.96,9809887
6-Apr-09,23.85,24.00,22.78,23.19,8072352
3-Apr-09,23.25,24.26,23.25,24.16,8229222
2-Apr-09,22.79,23.84,22.61,23.28,11062079
1-Apr-09,20.93,22.18,20.79,21.96,7286913
31-Mar-09,20.93,21.87,20.83,21.39,8531166
30-Mar-09,21.33,21.48,20.39,20.82,9617480
27-Mar-09,22.56,22.70,21.81,21.84,6427559
26-Mar-09,22.18,23.00,22.18,22.94,9777725
25-Mar-09,22.00,22.44,21.50,22.10,10773904
24-Mar-09,22.59,22.59,21.72,21.86,9501767
23-Mar-09,21.20,22.69,21.01,22.69,13186715
20-Mar-09,21.01,21.79,20.39,20.46,10267231
19-Mar-09,21.84,22.58,20.89,21.24,13667075
18-Mar-09,19.41,22.09,19.34,21.35,20855090
17-Mar-09,18.62,19.15,18.16,19.13,9286049
16-Mar-09,18.69,19.00,18.34,18.45,11900546
13-Mar-09,19.24,19.31,18.33,18.68,11490907
12-Mar-09,18.47,19.51,18.28,19.43,9734815
11-Mar-09,18.18,18.85,18.03,18.63,8678113
10-Mar-09,17.19,18.54,17.11,18.52,11747955
9-Mar-09,17.03,17.59,16.72,16.78,9298775
6-Mar-09,17.16,17.43,16.75,17.16,10509587
5-Mar-09,18.16,18.19,16.31,16.92,26498216
4-Mar-09,16.16,16.61,15.90,16.32,8999029
3-Mar-09,16.15,16.48,15.87,15.98,12539454
2-Mar-09,16.49,16.66,15.97,16.04,13129775
27-Feb-09,15.71,17.18,15.70,16.70,15832323
26-Feb-09,17.47,17.67,16.65,16.70,15043984
25-Feb-09,17.54,17.92,17.15,17.64,12999901
24-Feb-09,17.31,18.33,17.22,18.17,12866486
23-Feb-09,18.09,18.09,16.90,17.09,14266179
20-Feb-09,18.98,19.15,17.70,18.04,21630169
19-Feb-09,20.46,20.50,19.48,19.54,10428823
18-Feb-09,20.33,20.69,20.07,20.39,7409892
17-Feb-09,20.08,20.69,19.80,20.40,9782624
13-Feb-09,20.96,21.37,20.85,21.10,8147376
12-Feb-09,19.95,21.26,19.78,21.22,12830934
11-Feb-09,20.43,20.86,19.90,20.31,7637811
10-Feb-09,21.32,21.42,20.28,20.48,10924426
9-Feb-09,22.00,22.01,21.10,21.42,7246414
6-Feb-09,20.93,21.80,20.81,21.70,9851821
5-Feb-09,19.64,21.04,19.44,20.91,11326822
4-Feb-09,19.62,20.35,19.53,19.88,9636926
3-Feb-09,19.69,19.76,19.13,19.70,7938627
2-Feb-09,19.41,19.70,18.96,19.58,8305434
30-Jan-09,20.26,20.33,19.21,19.31,8970665
29-Jan-09,20.60,20.91,19.61,20.05,7695034
28-Jan-09,20.71,21.20,20.34,20.89,7158689
27-Jan-09,19.74,20.38,19.53,20.11,6385451
26-Jan-09,19.95,20.44,19.67,19.93,6139541
23-Jan-09,19.00,20.10,18.70,19.70,10483759
22-Jan-09,19.84,20.25,19.06,19.32,13904203
21-Jan-09,19.88,20.97,19.74,20.96,9536907
20-Jan-09,21.10,21.10,19.34,19.39,8847055
16-Jan-09,21.11,21.53,20.47,21.06,8056222
15-Jan-09,21.04,21.30,20.45,20.83,10008521
14-Jan-09,22.09,22.16,20.95,21.11,8298015
13-Jan-09,22.97,23.22,21.75,22.10,14001299
12-Jan-09,24.07,24.35,23.60,23.76,7057256
9-Jan-09,23.99,24.50,23.42,24.01,6928274
8-Jan-09,24.01,24.38,23.63,24.29,6207342
7-Jan-09,23.57,24.81,23.51,24.23,12785603
6-Jan-09,23.07,24.45,23.07,24.22,7032433
5-Jan-09,22.52,23.31,22.50,23.13,7385533
2-Jan-09,21.11,23.10,21.07,23.02,6673430
