{"user1": {"username": "user1", "password": "password1", "created": "2018-07-07 00:16:28.293901"}, "user2": {"username": "user2", "password": "password2", "created": "2018-07-07 00:28:07.315781"}, "u1": {"username": "u1", "password": "p1", "created": "2019-11-11 11-38-11"}, "u2": {"username": "u2", "password": "p2", "created": "2019-11-11 11-39-32"}, "u3": {"username": "u3", "password": "p3", "created": "2019-11-11 11-47-08"}, "u4": {"username": "u4", "password": "p4", "created": "2019-11-11 11-48-30"}, "u5": {"username": "u5", "password": "p5", "created": "2019-11-11 11-49-17"}, "u6": {"username": "u6", "password": "p6", "created": "2019-11-11 11-51-00"}, "u7": {"username": "u7", "password": "p7", "created": "2019-11-11 12-10-14"}, "u9": {"username": "u9", "password": "p9", "created": "2019-11-11 12-11-43"}, "u10": {"username": "u10", "password": "p10", "created": "2019-11-11 12-12-31"}, "u8": {"username": "u8", "password": "p8", "created": "2019-11-11 12-13-43"}, "": {"username": "", "password": "", "created": "2019-11-11 12-14-41"}, "asfd": {"username": "asfd", "password": "sfafd", "created": "2019-11-15 12-22-19"}}